﻿Projects,Type,Status,Priority,Sprint,Epic,Tasks,Timeline,Engineers,Product Manager,Created,Property,Property 1
https://jira.mooney.it/browse/APPS-35636,Bug 🐞,Not Started,,,,,,Abdelrahman Ayman,,"February 15, 2022 12:51 PM",,
https://jira.mooney.it/browse/APPS-35639,Bug 🐞,In Progress,,,,,,Abdelrahman Ayman,,"February 15, 2022 12:53 PM",,
https://jira.mooney.it/browse/APPS-35638,Bug 🐞,In Progress,,,,,,Abdelrahman Ayman,,"February 15, 2022 12:16 PM",APPS-35638,
,Epic ⛰️,,,,,,,,,"February 15, 2022 12:22 PM",,
Project Spec 🗺,,,,,,,,,,"February 15, 2022 12:14 PM",,
Bug 🐞,Bug 🐞,,,,,,,,,"February 15, 2022 12:14 PM",,
Task 🔨,,,,,,,,,,"February 15, 2022 12:14 PM",,